department,avg_satisfaction,avg_projects
sales,0.614446859903383,3.7763
accounting,0.5821512385919166,3.8253
hr,0.5988092016238159,3.6549
technical,0.6078970588235295,3.8779
support,0.6182996859578297,3.8039
management,0.6213492063492058,3.8603
IT,0.6181418092909551,3.8166
product_mng,0.6196341463414636,3.8071
marketing,0.6186013986013983,3.6876
RandD,0.6198221092757306,3.8539
